{
    "nonlocal": true,
    "weight_decay": 1e-4,
    "learning_rate": [[10, 0.00125], [10, 0.000125], [5, 0.0000125]],
    "batch_size": 1
}